sthenoId,sthenoName,status,externalId,externalName,confidence,variants,hostedStatus,fallback,notes
"alternating-dumbbell-bench-press","Alternating Dumbbell Bench Press","AMBIGUOUS","100-gym-workouts:0046","dumbbell bench press (bench)","0.82","","pending","true","Candidate requires human review; generated fallback remains active."
"alternating-dumbbell-hammer-curl","Alternating Dumbbell Hammer Curl","AMBIGUOUS","100-gym-workouts:0016","dumbbell hammer curl","0.82","","pending","true","Candidate requires human review; generated fallback remains active."
"assisted-dip-machine","Assisted Dip Machine","UNMATCHED","","","0.46","","pending","true","No credible provider candidate; generated fallback remains active."
"assisted-pull-up-machine","Assisted Pull-Up Machine","AUTO_MATCH","200-workouts:0102","assisted pull up","1","default","ready","false","Exact normalized name with compatible equipment and muscle metadata."
"back-extension-45-degree","45-Degree Back Extension","UNMATCHED","","","0.568","","pending","true","No credible provider candidate; generated fallback remains active."
"band-assisted-chin-up","Band-Assisted Chin-Up","UNMATCHED","","","0.4","","pending","true","No credible provider candidate; generated fallback remains active."
"band-assisted-neutral-pull-up","Band-Assisted Neutral-Grip Pull-Up","UNMATCHED","","","0.428","","pending","true","No credible provider candidate; generated fallback remains active."
"band-overhead-march","Band Overhead March","UNMATCHED","","","0.46","","pending","true","No credible provider candidate; generated fallback remains active."
"band-resisted-march","Band-Resisted March","UNMATCHED","","","0.46","","pending","true","No credible provider candidate; generated fallback remains active."
"banded-biceps-curl","Resistance-Band Biceps Curl","AUTO_MATCH","200-workouts:0161","resistance band biceps curl","1","default","ready","false","Exact normalized name with compatible equipment and muscle metadata."
"banded-calf-raise","Banded Calf Raise","UNMATCHED","","","0.5","","pending","true","No credible provider candidate; generated fallback remains active."
"banded-face-pull","Banded Face Pull","AMBIGUOUS","200-workouts:0186","banded pull-apart","0.64","","pending","true","Candidate requires human review; generated fallback remains active."
"banded-floor-press","Resistance-Band Floor Press","AMBIGUOUS","200-workouts:0235","resistance band chest press","0.712","","pending","true","Candidate requires human review; generated fallback remains active."
"banded-glute-bridge","Banded Glute Bridge","AMBIGUOUS","100-workouts:1139","glute bridge","0.76","","pending","true","Candidate requires human review; generated fallback remains active."
"banded-good-morning","Resistance-Band Good Morning","AUTO_MATCH","200-workouts:0274","resistance band good morning","1","default","ready","false","Exact normalized name with compatible equipment and muscle metadata."
"banded-lat-pulldown-kneeling","Kneeling Banded Lat Pulldown","UNMATCHED","","","0.52","","pending","true","No credible provider candidate; generated fallback remains active."
"banded-lateral-raise","Banded Lateral Raise","AUTO_MATCH","200-workouts:0285","banded lateral raise","1","default","ready","false","Exact normalized name with compatible equipment and muscle metadata."
"banded-lateral-walk","Banded Lateral Walk","UNMATCHED","","","0.5","","pending","true","No credible provider candidate; generated fallback remains active."
"banded-leg-extension-seated","Banded Seated Leg Extension","UNMATCHED","","","0.5","","pending","true","No credible provider candidate; generated fallback remains active."
"banded-monster-walk","Banded Monster Walk","UNMATCHED","","","0.568","","pending","true","No credible provider candidate; generated fallback remains active."
"banded-overhead-press","Resistance-Band Overhead Press","AMBIGUOUS","200-workouts:0235","resistance band chest press","0.712","","pending","true","Candidate requires human review; generated fallback remains active."
"banded-pallof-press","Banded Pallof Press","AMBIGUOUS","200-workouts:0185","banded overhead press","0.64","","pending","true","Candidate requires human review; generated fallback remains active."
"banded-pull-apart","Resistance-Band Pull-Apart","AMBIGUOUS","200-workouts:0294","resistance band high side pull","0.64","","pending","true","Candidate requires human review; generated fallback remains active."
"banded-row-seated","Seated Resistance-Band Row","UNMATCHED","","","0.568","","pending","true","No credible provider candidate; generated fallback remains active."
"banded-row-standing","Standing Resistance-Band Row","UNMATCHED","","","0.568","","pending","true","No credible provider candidate; generated fallback remains active."
"banded-squat","Resistance-Band Squat","AUTO_MATCH","200-workouts:0277","resistance band squat","1","default","ready","false","Exact normalized name with compatible equipment and muscle metadata."
"banded-standing-chest-press","Banded Standing Chest Press","UNMATCHED","","","0.568","","pending","true","No credible provider candidate; generated fallback remains active."
"banded-standing-hamstring-curl","Banded Standing Hamstring Curl","UNMATCHED","","","0.428","","pending","true","No credible provider candidate; generated fallback remains active."
"banded-standing-hip-abduction","Banded Standing Hip Abduction","UNMATCHED","","","0.568","","pending","true","No credible provider candidate; generated fallback remains active."
"banded-straight-arm-pulldown","Banded Straight-Arm Pulldown","UNMATCHED","","","0.5","","pending","true","No credible provider candidate; generated fallback remains active."
"banded-triceps-pressdown","Banded Triceps Pressdown","UNMATCHED","","","0.424","","pending","true","No credible provider candidate; generated fallback remains active."
"barbell-back-squat","Barbell Back Squat","AUTO_MATCH","100-gym-workouts:0054","barbell back squat","1","default","ready","false","Exact normalized name with compatible equipment and muscle metadata."
"barbell-bench-press","Barbell Bench Press","AMBIGUOUS","100-gym-workouts:0042","barbell bench press flat","0.82","","pending","true","Candidate requires human review; generated fallback remains active."
"barbell-bent-over-row","Barbell Bent-Over Row","AUTO_MATCH","100-gym-workouts:0028","barbell bent over row","1","default","ready","false","Exact normalized name with compatible equipment and muscle metadata."
"barbell-box-squat","Barbell Box Squat","AMBIGUOUS","100-gym-workouts:0054","barbell back squat","0.64","","pending","true","Candidate requires human review; generated fallback remains active."
"barbell-bradford-press","Barbell Bradford Press","UNMATCHED","","","0.568","","pending","true","No credible provider candidate; generated fallback remains active."
"barbell-bulgarian-split-squat","Barbell Bulgarian Split Squat","AUTO_MATCH","100-gym-workouts:0055","barbell bulgarian split squat","1","default","ready","false","Exact normalized name with compatible equipment and muscle metadata."
"barbell-california-press","California Press","UNMATCHED","","","0.46","","pending","true","No credible provider candidate; generated fallback remains active."
"barbell-curl","Barbell Curl","AMBIGUOUS","100-gym-workouts:0009","barbell curl standard","0.76","","pending","true","Candidate requires human review; generated fallback remains active."
"barbell-drag-curl","Barbell Drag Curl","AMBIGUOUS","100-gym-workouts:0009","barbell curl standard","0.64","","pending","true","Candidate requires human review; generated fallback remains active."
"barbell-floor-press","Barbell Floor Press","UNMATCHED","","","0.568","","pending","true","No credible provider candidate; generated fallback remains active."
"barbell-front-squat","Barbell Front Squat","AUTO_MATCH","100-gym-workouts:0056","barbell front squat","1","default","ready","false","Exact normalized name with compatible equipment and muscle metadata."
"barbell-glute-bridge","Barbell Glute Bridge","AMBIGUOUS","100-workouts:1139","glute bridge","0.62","","pending","true","Candidate requires human review; generated fallback remains active."
"barbell-good-morning","Barbell Good Morning","AUTO_MATCH","100-gym-workouts:0035","good morning barbell","1","default","ready","false","Exact normalized name with compatible equipment and muscle metadata."
"barbell-hip-thrust-pause","Paused Barbell Hip Thrust","AMBIGUOUS","100-gym-workouts:0057","barbell hip thrust","0.82","","pending","true","Candidate requires human review; generated fallback remains active."
"barbell-inverted-shrug","Barbell Overhead Shrug","AMBIGUOUS","100-gym-workouts:0029","barbell shrug","0.76","","pending","true","Candidate requires human review; generated fallback remains active."
"barbell-jm-press","Barbell JM Press","UNMATCHED","","","0.568","","pending","true","No credible provider candidate; generated fallback remains active."
"barbell-lateral-lunge","Barbell Lateral Lunge","AMBIGUOUS","200-workouts:0216","lateral lunge","0.62","","pending","true","Candidate requires human review; generated fallback remains active."
"barbell-overhead-press","Standing Barbell Overhead Press","AUTO_MATCH","100-gym-workouts:0088","barbell overhead press standing","1","default","ready","false","Exact normalized name with compatible equipment and muscle metadata."
"barbell-pin-press-overhead","Barbell Overhead Pin Press","AMBIGUOUS","100-gym-workouts:0088","barbell overhead press standing","0.712","","pending","true","Candidate requires human review; generated fallback remains active."
"barbell-pin-squat","Barbell Pin Squat","AMBIGUOUS","100-gym-workouts:0054","barbell back squat","0.64","","pending","true","Candidate requires human review; generated fallback remains active."
"barbell-preacher-curl","Barbell Preacher Curl","AMBIGUOUS","100-gym-workouts:0009","barbell curl standard","0.64","","pending","true","Candidate requires human review; generated fallback remains active."
"barbell-push-press","Barbell Push Press","UNMATCHED","","","0.568","","pending","true","No credible provider candidate; generated fallback remains active."
"barbell-rack-pull","Barbell Rack Pull","UNMATCHED","","","0.46","","pending","true","No credible provider candidate; generated fallback remains active."
"barbell-rdl","Barbell Romanian Deadlift","AUTO_MATCH","100-gym-workouts:0060","barbell romanian deadlift","1","default","ready","false","Exact normalized name with compatible equipment and muscle metadata."
"barbell-reverse-curl","Barbell Reverse Curl","AMBIGUOUS","100-gym-workouts:0009","barbell curl standard","0.64","","pending","true","Candidate requires human review; generated fallback remains active."
"barbell-reverse-lunge","Barbell Reverse Lunge","AMBIGUOUS","100-gym-workouts:0059","barbell reverse lunges","0.64","","pending","true","Candidate requires human review; generated fallback remains active."
"barbell-reverse-wrist-curl","Barbell Reverse Wrist Curl","UNMATCHED","","","0.568","","pending","true","No credible provider candidate; generated fallback remains active."
"barbell-rolling-triceps-extension","Barbell Rolling Triceps Extension","UNMATCHED","","","0.568","","pending","true","No credible provider candidate; generated fallback remains active."
"barbell-single-leg-hip-thrust","Barbell Single-Leg Hip Thrust","AMBIGUOUS","100-gym-workouts:0057","barbell hip thrust","0.712","","pending","true","Candidate requires human review; generated fallback remains active."
"barbell-spider-curl","Barbell Spider Curl","AMBIGUOUS","100-gym-workouts:0009","barbell curl standard","0.64","","pending","true","Candidate requires human review; generated fallback remains active."
"barbell-step-up","Barbell Step-Up","UNMATCHED","","","0.5","","pending","true","No credible provider candidate; generated fallback remains active."
"barbell-wrist-curl","Barbell Wrist Curl","AMBIGUOUS","100-gym-workouts:0009","barbell curl standard","0.64","","pending","true","Candidate requires human review; generated fallback remains active."
"barbell-z-press","Barbell Z Press","UNMATCHED","","","0.568","","pending","true","No credible provider candidate; generated fallback remains active."
"bayesian-cable-curl","Bayesian Cable Curl","UNMATCHED","","","0.568","","pending","true","No credible provider candidate; generated fallback remains active."
"bear-crawl","Bear Crawl","AUTO_MATCH","200-workouts:0209","bear crawl","1","default","ready","false","Exact normalized name with compatible equipment and muscle metadata."
"bear-hug-dumbbell-carry","Bear-Hug Dumbbell Carry","UNMATCHED","","","0.424","","pending","true","No credible provider candidate; generated fallback remains active."
"belt-squat","Belt Squat","AMBIGUOUS","200-workouts:0280","squat machine","0.64","","pending","true","Candidate requires human review; generated fallback remains active."
"bench-triceps-dip-feet-assisted","Feet-Assisted Bench Dip","UNMATCHED","","","0.568","","pending","true","No credible provider candidate; generated fallback remains active."
"bent-over-dumbbell-reverse-fly","Bent-Over Dumbbell Reverse Fly","UNMATCHED","","","0.568","","pending","true","No credible provider candidate; generated fallback remains active."
"bird-dog","Bird Dog","AUTO_MATCH","100-workouts:1111","bird dog","1","default","ready","false","Exact normalized name with compatible equipment and muscle metadata."
"bodyweight-bicycle-crunch-controlled","Controlled Bicycle Crunch","UNMATCHED","","","0.46","","pending","true","No credible provider candidate; generated fallback remains active."
"bodyweight-box-squat","Bodyweight Box Squat","UNMATCHED","","","0.52","","pending","true","No credible provider candidate; generated fallback remains active."
"bodyweight-calf-raise","Bodyweight Calf Raise","AMBIGUOUS","200-workouts:0281","standing calf raise","0.76","","pending","true","Candidate requires human review; generated fallback remains active."
"bodyweight-hip-hinge","Bodyweight Hip Hinge","AMBIGUOUS","100-gym-workouts:0065","dumbbell hip hinge","0.62","","pending","true","Candidate requires human review; generated fallback remains active."
"bodyweight-lateral-lunge","Bodyweight Lateral Lunge","AUTO_MATCH","200-workouts:0216","lateral lunge","1","default","ready","false","Exact normalized name with compatible equipment and muscle metadata."
"bodyweight-mountain-climber-slow","Slow Mountain Climber","AMBIGUOUS","100-workouts:1166","mountain climber","0.76","","pending","true","Candidate requires human review; generated fallback remains active."
"bodyweight-pause-squat","Bodyweight Pause Squat","UNMATCHED","","","0.52","","pending","true","No credible provider candidate; generated fallback remains active."
"bodyweight-reverse-lunge","Bodyweight Reverse Lunge","UNMATCHED","","","0.52","","pending","true","No credible provider candidate; generated fallback remains active."
"bodyweight-single-leg-box-squat","Assisted Single-Leg Box Squat","UNMATCHED","","","0.4857","","pending","true","No credible provider candidate; generated fallback remains active."
"bodyweight-split-squat","Bodyweight Split Squat","AMBIGUOUS","100-workouts:1113","bulgarian split squat","0.76","","pending","true","Candidate requires human review; generated fallback remains active."
"bodyweight-step-up","Bodyweight Step-Up","AMBIGUOUS","200-workouts:0284","weighted step-up","0.76","","pending","true","Candidate requires human review; generated fallback remains active."
"bodyweight-superman-pull","Superman Pull","UNMATCHED","","","0.38","","pending","true","No credible provider candidate; generated fallback remains active."
"bodyweight-tempo-squat","Bodyweight Tempo Squat","UNMATCHED","","","0.52","","pending","true","No credible provider candidate; generated fallback remains active."
"cable-behind-body-lateral-raise","Behind-Body Cable Lateral Raise","AMBIGUOUS","200-workouts:0137","cable lateral raise","0.82","","pending","true","Candidate requires human review; generated fallback remains active."
"cable-biceps-curl","Cable Biceps Curl","AMBIGUOUS","200-workouts:0134","biceps curl","0.62","","pending","true","Candidate requires human review; generated fallback remains active."
"cable-chest-press","Standing Cable Chest Press","UNMATCHED","","","0.428","","pending","true","No credible provider candidate; generated fallback remains active."
"cable-cross-body-lateral-raise","Cross-Body Cable Lateral Raise","AUTO_MATCH","100-gym-workouts:0095","cable cross lateral raise","1","default","ready","false","Exact normalized name with compatible equipment and muscle metadata."
"cable-cross-body-rear-delt-fly","Cross-Body Cable Rear-Delt Fly","AMBIGUOUS","100-gym-workouts:0100","rear delt cable fly","0.856","","pending","true","Candidate requires human review; generated fallback remains active."
"cable-cross-body-triceps-extension","Cross-Body Cable Triceps Extension","AMBIGUOUS","200-workouts:0140","cable overhead triceps extension","0.712","","pending","true","Candidate requires human review; generated fallback remains active."
"cable-crunch","Kneeling Cable Crunch","AUTO_MATCH","100-gym-workouts:0002","cable crunch (kneeling)","1","default","ready","false","Exact normalized name with compatible equipment and muscle metadata."
"cable-cuffed-hip-flexion","Cuffed Cable Hip Flexion","UNMATCHED","","","0.428","","pending","true","No credible provider candidate; generated fallback remains active."
"cable-fly-high-to-low","High-to-Low Cable Fly","AMBIGUOUS","100-gym-workouts:0044","high to low cable crossover","0.76","","pending","true","Candidate requires human review; generated fallback remains active."
"cable-fly-low-to-high","Low-to-High Cable Fly","AMBIGUOUS","100-gym-workouts:0044","high to low cable crossover","0.76","","pending","true","Candidate requires human review; generated fallback remains active."
"cable-fly-mid","Standing Cable Fly","UNMATCHED","","","0.428","","pending","true","No credible provider candidate; generated fallback remains active."
"cable-front-raise","Cable Front Raise","AMBIGUOUS","200-workouts:0137","cable lateral raise","0.64","","pending","true","Candidate requires human review; generated fallback remains active."
"cable-glute-kickback","Cable Glute Kickback","AMBIGUOUS","100-gym-workouts:0061","cable leg kickback","0.64","","pending","true","Candidate requires human review; generated fallback remains active."
"cable-high-pulley-biceps-curl","High-Pulley Cable Biceps Curl","AMBIGUOUS","200-workouts:0169","single arm high cable curl","0.5886","","pending","true","Candidate requires human review; generated fallback remains active."
"cable-high-row","Cable High Row","AMBIGUOUS","200-workouts:0163","seated cable row","0.64","","pending","true","Candidate requires human review; generated fallback remains active."
"cable-hip-flexion","Cable Hip Flexion","UNMATCHED","","","0.5","","pending","true","No credible provider candidate; generated fallback remains active."
"cable-incline-rear-delt-fly","Incline-Bench Cable Rear-Delt Fly","AMBIGUOUS","100-gym-workouts:0100","rear delt cable fly","0.76","","pending","true","Candidate requires human review; generated fallback remains active."
"cable-knee-extension-standing","Standing Cable Knee Extension","UNMATCHED","","","0.38","","pending","true","No credible provider candidate; generated fallback remains active."
"cable-lateral-raise","Single-Arm Cable Lateral Raise","AMBIGUOUS","200-workouts:0137","cable lateral raise","0.712","","pending","true","Candidate requires human review; generated fallback remains active."
"cable-lean-away-lateral-raise","Lean-Away Cable Lateral Raise","AMBIGUOUS","200-workouts:0137","cable lateral raise","0.712","","pending","true","Candidate requires human review; generated fallback remains active."
"cable-lying-biceps-curl","Lying Cable Biceps Curl","UNMATCHED","","","0.52","","pending","true","No credible provider candidate; generated fallback remains active."
"cable-lying-triceps-extension","Lying Cable Triceps Extension","AMBIGUOUS","200-workouts:0140","cable overhead triceps extension","0.712","","pending","true","Candidate requires human review; generated fallback remains active."
"cable-pull-through","Cable Pull-Through","AMBIGUOUS","200-workouts:0138","cable pull","0.62","","pending","true","Candidate requires human review; generated fallback remains active."
"cable-rear-delt-row","Cable Rear-Delt Row","AMBIGUOUS","100-gym-workouts:0100","rear delt cable fly","0.712","","pending","true","Candidate requires human review; generated fallback remains active."
"cable-reverse-fly","Cable Reverse Fly","UNMATCHED","","","0.568","","pending","true","No credible provider candidate; generated fallback remains active."
"cable-reverse-lunge","Cable Reverse Lunge","UNMATCHED","","","0.424","","pending","true","No credible provider candidate; generated fallback remains active."
"cable-row","Seated Cable Row","AUTO_MATCH","200-workouts:0163","seated cable row","1","default","ready","false","Exact normalized name with compatible equipment and muscle metadata."
"cable-shrug","Cable Shrug","UNMATCHED","","","0.52","","pending","true","No credible provider candidate; generated fallback remains active."
"cable-split-squat","Cable Split Squat","UNMATCHED","","","0.5","","pending","true","No credible provider candidate; generated fallback remains active."
"cable-step-up","Cable Step-Up","UNMATCHED","","","0.5","","pending","true","No credible provider candidate; generated fallback remains active."
"cable-triceps-kickback","Cable Triceps Kickback","UNMATCHED","","","0.568","","pending","true","No credible provider candidate; generated fallback remains active."
"cable-triceps-pressdown","Cable Triceps Pressdown","UNMATCHED","","","0.568","","pending","true","No credible provider candidate; generated fallback remains active."
"cable-upright-row","Cable Upright Row","AUTO_MATCH","200-workouts:0287","cable upright row","1","default","ready","false","Exact normalized name with compatible equipment and muscle metadata."
"cable-y-raise","Cable Y-Raise","AMBIGUOUS","200-workouts:0137","cable lateral raise","0.64","","pending","true","Candidate requires human review; generated fallback remains active."
"chest-supported-dumbbell-row","Chest-Supported Dumbbell Row","UNMATCHED","","","0.568","","pending","true","No credible provider candidate; generated fallback remains active."
"chest-supported-machine-row","Chest-Supported Machine Row","AMBIGUOUS","100-gym-workouts:0040","seated chest supported machine","0.64","","pending","true","Candidate requires human review; generated fallback remains active."
"close-grip-barbell-bench-press","Close-Grip Barbell Bench Press","AUTO_MATCH","100-gym-workouts:0013","close-grip bench press barbell","1","default","ready","false","Exact normalized name with compatible equipment and muscle metadata."
"close-grip-lat-pulldown","Close-Grip Lat Pulldown","AMBIGUOUS","100-gym-workouts:0037","lat pull down wide grip","0.712","","pending","true","Candidate requires human review; generated fallback remains active."
"close-grip-push-up","Close-Grip Push-Up","AMBIGUOUS","200-workouts:0223","close grip (diamond) push-up","0.82","","pending","true","Candidate requires human review; generated fallback remains active."
"conventional-deadlift","Conventional Barbell Deadlift","AMBIGUOUS","100-gym-workouts:0032","deadlift barbell","0.76","","pending","true","Candidate requires human review; generated fallback remains active."
"converging-chest-press-machine","Converging Chest Press Machine","AMBIGUOUS","200-workouts:0237","seated machine chest press","0.64","","pending","true","Candidate requires human review; generated fallback remains active."
"cyclist-smith-squat","Smith Machine Cyclist Squat","AMBIGUOUS","200-workouts:0279","smith machine squat","0.76","","pending","true","Candidate requires human review; generated fallback remains active."
"dead-bug","Dead Bug","AUTO_MATCH","200-workouts:0105","dead bug","1","default","ready","false","Exact normalized name with compatible equipment and muscle metadata."
"decline-chest-press-machine","Decline Chest Press Machine","AMBIGUOUS","200-workouts:0237","seated machine chest press","0.64","","pending","true","Candidate requires human review; generated fallback remains active."
"decline-dumbbell-bench-press","Decline Dumbbell Bench Press","AUTO_MATCH","100-gym-workouts:0047","dumbbell bench press (decline)","1","default","ready","false","Exact normalized name with compatible equipment and muscle metadata."
"decline-push-up","Decline Push-Up","AUTO_MATCH","200-workouts:0224","decline push-up","1","default","ready","false","Exact normalized name with compatible equipment and muscle metadata."
"deficit-barbell-deadlift","Deficit Barbell Deadlift","AMBIGUOUS","100-gym-workouts:0032","deadlift barbell","0.76","","pending","true","Candidate requires human review; generated fallback remains active."
"donkey-calf-raise-machine","Donkey Calf Raise Machine","UNMATCHED","","","0.5","","pending","true","No credible provider candidate; generated fallback remains active."
"double-dumbbell-suitcase-carry","Double Dumbbell Suitcase Carry","UNMATCHED","","","0.424","","pending","true","No credible provider candidate; generated fallback remains active."
"dumbbell-arnold-press","Dumbbell Arnold Press","AUTO_MATCH","100-gym-workouts:0087","arnold press dumbbell","1","default","ready","false","Exact normalized name with compatible equipment and muscle metadata."
"dumbbell-b-stance-rdl","Dumbbell B-Stance Romanian Deadlift","AMBIGUOUS","200-workouts:0256","dumbbell romanian deadlift","0.64","","pending","true","Candidate requires human review; generated fallback remains active."
"dumbbell-bench-press","Dumbbell Bench Press","AUTO_MATCH","100-gym-workouts:0046","dumbbell bench press (bench)","1","default","ready","false","Exact normalized name with compatible equipment and muscle metadata."
"dumbbell-bent-over-row","Dumbbell Bent-Over Row","AUTO_MATCH","200-workouts:0189","bent over dumbbell row","1","default","ready","false","Exact normalized name with compatible equipment and muscle metadata."
"dumbbell-box-squat","Dumbbell Box Squat","AMBIGUOUS","100-gym-workouts:0064","dumbbell goblet squat","0.64","","pending","true","Candidate requires human review; generated fallback remains active."
"dumbbell-bulgarian-split-squat","Dumbbell Rear-Foot-Elevated Split Squat","AMBIGUOUS","100-gym-workouts:0063","dumbbell bulgarian split squat","0.5886","","pending","true","Candidate requires human review; generated fallback remains active."
"dumbbell-concentration-curl","Dumbbell Concentration Curl","AMBIGUOUS","100-gym-workouts:0015","dumbbell curl","0.76","","pending","true","Candidate requires human review; generated fallback remains active."
"dumbbell-contralateral-walking-lunge","Contralateral Dumbbell Walking Lunge","UNMATCHED","","","0.5","","pending","true","No credible provider candidate; generated fallback remains active."
"dumbbell-cross-body-curl","Dumbbell Cross-Body Curl","AMBIGUOUS","100-gym-workouts:0015","dumbbell curl","0.76","","pending","true","Candidate requires human review; generated fallback remains active."
"dumbbell-curl","Dumbbell Curl","AUTO_MATCH","100-gym-workouts:0015","dumbbell curl","1","default","ready","false","Exact normalized name with compatible equipment and muscle metadata."
"dumbbell-cyclist-squat","Dumbbell Cyclist Squat","AMBIGUOUS","100-gym-workouts:0064","dumbbell goblet squat","0.64","","pending","true","Candidate requires human review; generated fallback remains active."
"dumbbell-dead-bug","Dumbbell Dead Bug","AMBIGUOUS","200-workouts:0105","dead bug","0.62","","pending","true","Candidate requires human review; generated fallback remains active."
"dumbbell-deadlift","Dumbbell Deadlift","AMBIGUOUS","200-workouts:0258","dumbbell sumo deadlift","0.76","","pending","true","Candidate requires human review; generated fallback remains active."
"dumbbell-farmers-carry","Dumbbell Farmers Carry","UNMATCHED","","","0.46","","pending","true","No credible provider candidate; generated fallback remains active."
"dumbbell-floor-press","Dumbbell Floor Press","AMBIGUOUS","100-gym-workouts:0046","dumbbell bench press (bench)","0.64","","pending","true","Candidate requires human review; generated fallback remains active."
"dumbbell-forward-lunge","Dumbbell Forward Lunge","UNMATCHED","","","0.46","","pending","true","No credible provider candidate; generated fallback remains active."
"dumbbell-frog-pump","Dumbbell Frog Pump","UNMATCHED","","","0.46","","pending","true","No credible provider candidate; generated fallback remains active."
"dumbbell-front-rack-carry","Dumbbell Front-Rack Carry","UNMATCHED","","","0.428","","pending","true","No credible provider candidate; generated fallback remains active."
"dumbbell-front-rack-reverse-lunge","Dumbbell Front-Rack Reverse Lunge","UNMATCHED","","","0.4","","pending","true","No credible provider candidate; generated fallback remains active."
"dumbbell-front-raise","Dumbbell Front Raise","AUTO_MATCH","100-gym-workouts:0092","front raise (dumbbell)","1","default","ready","false","Exact normalized name with compatible equipment and muscle metadata."
"dumbbell-front-squat","Dumbbell Front Squat","AMBIGUOUS","100-gym-workouts:0064","dumbbell goblet squat","0.64","","pending","true","Candidate requires human review; generated fallback remains active."
"dumbbell-glute-bridge","Dumbbell Glute Bridge","AMBIGUOUS","200-workouts:0225","dumbbell glute bridge chest press","0.712","","pending","true","Candidate requires human review; generated fallback remains active."
"dumbbell-gorilla-row","Dumbbell Gorilla Row","AMBIGUOUS","200-workouts:0193","gorilla row","0.76","","pending","true","Candidate requires human review; generated fallback remains active."
"dumbbell-heel-elevated-goblet-squat","Heel-Elevated Goblet Squat","AMBIGUOUS","200-workouts:0261","goblet squat","0.64","","pending","true","Candidate requires human review; generated fallback remains active."
"dumbbell-hip-thrust","Dumbbell Hip Thrust","AMBIGUOUS","100-gym-workouts:0065","dumbbell hip hinge","0.64","","pending","true","Candidate requires human review; generated fallback remains active."
"dumbbell-lateral-lunge","Dumbbell Lateral Lunge","AMBIGUOUS","200-workouts:0216","lateral lunge","0.62","","pending","true","Candidate requires human review; generated fallback remains active."
"dumbbell-lateral-step-up","Dumbbell Lateral Step-Up","UNMATCHED","","","0.428","","pending","true","No credible provider candidate; generated fallback remains active."
"dumbbell-march-carry","Dumbbell March Carry","AMBIGUOUS","200-workouts:0255","dumbbell march","0.76","","pending","true","Candidate requires human review; generated fallback remains active."
"dumbbell-overhead-press","Dumbbell Overhead Press","AMBIGUOUS","100-gym-workouts:0017","dumbbell overhead press version 1","0.712","","pending","true","Candidate requires human review; generated fallback remains active."
"dumbbell-pullover","Dumbbell Pullover","UNMATCHED","","","0.52","","pending","true","No credible provider candidate; generated fallback remains active."
"dumbbell-push-press","Dumbbell Push Press","AMBIGUOUS","100-gym-workouts:0087","arnold press dumbbell","0.64","","pending","true","Candidate requires human review; generated fallback remains active."
"dumbbell-rdl","Dumbbell Romanian Deadlift","AUTO_MATCH","200-workouts:0256","dumbbell romanian deadlift","1","default","ready","false","Exact normalized name with compatible equipment and muscle metadata."
"dumbbell-rear-delt-row","Dumbbell Rear-Delt Row","AMBIGUOUS","100-gym-workouts:0039","rear delt fly with dumbbell","0.712","","pending","true","Candidate requires human review; generated fallback remains active."
"dumbbell-renegade-row","Dumbbell Renegade Row","AMBIGUOUS","200-workouts:0199","renegade row","0.76","","pending","true","Candidate requires human review; generated fallback remains active."
"dumbbell-russian-twist","Dumbbell Russian Twist","AUTO_MATCH","200-workouts:0121","russian twist dumbbell","1","default","ready","false","Exact normalized name with compatible equipment and muscle metadata."
"dumbbell-shrug","Dumbbell Shrug","AUTO_MATCH","100-gym-workouts:0034","dumbbell shrug","1","default","ready","false","Exact normalized name with compatible equipment and muscle metadata."
"dumbbell-single-leg-rdl","Dumbbell Single-Leg Romanian Deadlift","AMBIGUOUS","200-workouts:0204","dumbbell single leg deadlift","0.712","","pending","true","Candidate requires human review; generated fallback remains active."
"dumbbell-skull-crusher","Dumbbell Lying Triceps Extension","AMBIGUOUS","100-gym-workouts:0021","overhead triceps extension (dumbbell)","0.712","","pending","true","Candidate requires human review; generated fallback remains active."
"dumbbell-spider-curl","Dumbbell Spider Curl","AUTO_MATCH","100-gym-workouts:0018","dumbbell spider curl","1","default","ready","false","Exact normalized name with compatible equipment and muscle metadata."
"dumbbell-squeeze-press","Dumbbell Squeeze Press","AMBIGUOUS","100-gym-workouts:0046","dumbbell bench press (bench)","0.64","","pending","true","Candidate requires human review; generated fallback remains active."
"dumbbell-stiff-leg-deadlift","Dumbbell Stiff-Leg Deadlift","AMBIGUOUS","200-workouts:0256","dumbbell romanian deadlift","1","","pending","true","Candidate requires human review; generated fallback remains active."
"dumbbell-sumo-rdl","Dumbbell Sumo Romanian Deadlift","AMBIGUOUS","200-workouts:0256","dumbbell romanian deadlift","0.76","","pending","true","Candidate requires human review; generated fallback remains active."
"dumbbell-sumo-squat","Dumbbell Sumo Squat","AMBIGUOUS","100-gym-workouts:0064","dumbbell goblet squat","0.64","","pending","true","Candidate requires human review; generated fallback remains active."
"dumbbell-thruster","Dumbbell Thruster","AUTO_MATCH","200-workouts:0259","dumbbell thruster","1","default","ready","false","Exact normalized name with compatible equipment and muscle metadata."
"dumbbell-triceps-kickback","Dumbbell Triceps Kickback","AUTO_MATCH","200-workouts:0146","dumbbell triceps kickback","1","default","ready","false","Exact normalized name with compatible equipment and muscle metadata."
"dumbbell-zottman-curl","Dumbbell Zottman Curl","AMBIGUOUS","100-gym-workouts:0015","dumbbell curl","0.76","","pending","true","Candidate requires human review; generated fallback remains active."
"eccentric-chin-up","Eccentric Chin-Up","UNMATCHED","","","0.568","","pending","true","No credible provider candidate; generated fallback remains active."
"face-pull","Cable Face Pull","AUTO_MATCH","100-gym-workouts:0030","cable face pull","1","default","ready","false","Exact normalized name with compatible equipment and muscle metadata."
"farmers-carry-dumbbell","Dumbbell Farmer's Carry","UNMATCHED","","","0.424","","pending","true","No credible provider candidate; generated fallback remains active."
"feet-elevated-glute-bridge","Feet-Elevated Glute Bridge","AMBIGUOUS","100-workouts:1139","glute bridge","0.64","","pending","true","Candidate requires human review; generated fallback remains active."
"forearm-plank","Forearm Plank","AMBIGUOUS","100-workouts:1178","plank","0.64","","pending","true","Candidate requires human review; generated fallback remains active."
"front-foot-elevated-barbell-split-squat","Front-Foot-Elevated Barbell Split Squat","AMBIGUOUS","100-gym-workouts:0056","barbell front squat","0.64","","pending","true","Candidate requires human review; generated fallback remains active."
"front-rack-dumbbell-march","Front-Rack Dumbbell March","AMBIGUOUS","200-workouts:0255","dumbbell march","0.64","","pending","true","Candidate requires human review; generated fallback remains active."
"glute-drive-machine","Glute Drive Machine","UNMATCHED","","","0.38","","pending","true","No credible provider candidate; generated fallback remains active."
"goblet-squat","Goblet Squat","AUTO_MATCH","200-workouts:0261","goblet squat","1","default","ready","false","Exact normalized name with compatible equipment and muscle metadata."
"hack-squat-machine","Hack Squat Machine","AUTO_MATCH","100-gym-workouts:0068","hack squat machine","1","default","ready","false","Exact normalized name with compatible equipment and muscle metadata."
"half-kneeling-single-arm-band-press","Half-Kneeling Single-Arm Band Overhead Press","UNMATCHED","","","0.46","","pending","true","No credible provider candidate; generated fallback remains active."
"half-kneeling-single-arm-band-pulldown","Half-Kneeling Single-Arm Band Pulldown","UNMATCHED","","","0.46","","pending","true","No credible provider candidate; generated fallback remains active."
"hammer-curl","Dumbbell Hammer Curl","AUTO_MATCH","100-gym-workouts:0016","dumbbell hammer curl","1","default","ready","false","Exact normalized name with compatible equipment and muscle metadata."
"heel-tap-crunch","Alternating Heel Tap","UNMATCHED","","","0.28","","pending","true","No credible provider candidate; generated fallback remains active."
"high-plank-shoulder-tap","High-Plank Shoulder Tap","AMBIGUOUS","200-workouts:0156","high plank","0.64","","pending","true","Candidate requires human review; generated fallback remains active."
"hip-thrust","Hip Thrust","AMBIGUOUS","100-gym-workouts:0057","barbell hip thrust","0.76","","pending","true","Candidate requires human review; generated fallback remains active."
"hollow-body-tuck-hold","Tuck Hollow Hold","AMBIGUOUS","100-workouts:1149","hollow hold","0.76","","pending","true","Candidate requires human review; generated fallback remains active."
"incline-barbell-bench-press","Incline Barbell Bench Press","AUTO_MATCH","100-gym-workouts:0043","barbell incline bench press","1","default","ready","false","Exact normalized name with compatible equipment and muscle metadata."
"incline-cable-chest-press","Incline Cable Chest Press","UNMATCHED","","","0.428","","pending","true","No credible provider candidate; generated fallback remains active."
"incline-chest-press-machine","Incline Chest Press Machine","AMBIGUOUS","200-workouts:0237","seated machine chest press","0.64","","pending","true","Candidate requires human review; generated fallback remains active."
"incline-close-grip-barbell-bench-press","Incline Close-Grip Barbell Bench Press","AMBIGUOUS","100-gym-workouts:0013","close-grip bench press barbell","0.88","","pending","true","Candidate requires human review; generated fallback remains active."
"incline-dumbbell-bench-press","Incline Dumbbell Bench Press","AUTO_MATCH","100-gym-workouts:0048","dumbbell bench press incline","1","default","ready","false","Exact normalized name with compatible equipment and muscle metadata."
"incline-dumbbell-curl","Incline Dumbbell Curl","AUTO_MATCH","100-gym-workouts:0019","incline dumbbell curl","1","default","ready","false","Exact normalized name with compatible equipment and muscle metadata."
"incline-dumbbell-press","Incline Dumbbell Press","AMBIGUOUS","100-gym-workouts:0048","dumbbell bench press incline","0.82","","pending","true","Candidate requires human review; generated fallback remains active."
"incline-dumbbell-reverse-fly","Incline Dumbbell Reverse Fly","UNMATCHED","","","0.52","","pending","true","No credible provider candidate; generated fallback remains active."
"incline-dumbbell-row","Incline Dumbbell Row","AMBIGUOUS","100-gym-workouts:0091","dumbbell upright row","0.64","","pending","true","Candidate requires human review; generated fallback remains active."
"incline-push-up","Incline Push-Up","AUTO_MATCH","200-workouts:0231","incline push-up","1","default","ready","false","Exact normalized name with compatible equipment and muscle metadata."
"iso-lateral-machine-row","Iso-Lateral Machine Row","UNMATCHED","","","0.46","","pending","true","No credible provider candidate; generated fallback remains active."
"kneeling-leg-curl-machine","Kneeling Leg Curl Machine","AMBIGUOUS","200-workouts:0271","lying leg curl machine","0.64","","pending","true","Candidate requires human review; generated fallback remains active."
"kneeling-push-up","Kneeling Push-Up","UNMATCHED","","","0.52","","pending","true","No credible provider candidate; generated fallback remains active."
"landmine-meadows-row","Meadows Row","AUTO_MATCH","200-workouts:0158","meadows row","1","default","ready","false","Exact normalized name with compatible equipment and muscle metadata."
"landmine-press","Half-Kneeling Landmine Press","UNMATCHED","","","0.568","","pending","true","No credible provider candidate; generated fallback remains active."
"landmine-t-bar-row","Landmine T-Bar Row","AMBIGUOUS","100-gym-workouts:0041","t-bar row","0.82","","pending","true","Candidate requires human review; generated fallback remains active."
"lat-pulldown","Lat Pulldown","AMBIGUOUS","100-gym-workouts:0037","lat pull down wide grip","0.64","","pending","true","Candidate requires human review; generated fallback remains active."
"lateral-raise","Dumbbell Lateral Raise","AMBIGUOUS","100-gym-workouts:0092","front raise (dumbbell)","0.64","","pending","true","Candidate requires human review; generated fallback remains active."
"lean-away-dumbbell-lateral-raise","Lean-Away Dumbbell Lateral Raise","UNMATCHED","","","0.52","","pending","true","No credible provider candidate; generated fallback remains active."
"leg-curl","Leg Curl","AMBIGUOUS","200-workouts:0271","lying leg curl machine","0.76","","pending","true","Candidate requires human review; generated fallback remains active."
"leg-extension","Leg Extension","AUTO_MATCH","100-gym-workouts:0073","leg extension machine","1","default","ready","false","Exact normalized name with compatible equipment and muscle metadata."
"leg-press","Leg Press","AUTO_MATCH","100-gym-workouts:0074","leg press machine","1","default","ready","false","Exact normalized name with compatible equipment and muscle metadata."
"lever-squat-machine","Lever Squat Machine","AMBIGUOUS","200-workouts:0280","squat machine","0.64","","pending","true","Candidate requires human review; generated fallback remains active."
"lying-knee-raise","Lying Knee Raise","AMBIGUOUS","200-workouts:0273","lying leg raise","0.64","","pending","true","Candidate requires human review; generated fallback remains active."
"lying-leg-curl","Lying Leg Curl","AUTO_MATCH","200-workouts:0271","lying leg curl machine","1","default","ready","false","Exact normalized name with compatible equipment and muscle metadata."
"lying-triceps-extension","Lying Barbell Triceps Extension","UNMATCHED","","","0.568","","pending","true","No credible provider candidate; generated fallback remains active."
"machine-abdominal-crunch","Machine Abdominal Crunch","UNMATCHED","","","0.38","","pending","true","No credible provider candidate; generated fallback remains active."
"machine-back-extension-seated","Seated Back Extension Machine","UNMATCHED","","","0.46","","pending","true","No credible provider candidate; generated fallback remains active."
"machine-biceps-curl","Machine Biceps Curl","AMBIGUOUS","200-workouts:0134","biceps curl","0.86","","pending","true","Candidate requires human review; generated fallback remains active."
"machine-chest-press","Machine Chest Press","AMBIGUOUS","200-workouts:0237","seated machine chest press","0.76","","pending","true","Candidate requires human review; generated fallback remains active."
"machine-front-raise","Machine Front Raise","AMBIGUOUS","100-gym-workouts:0092","front raise (dumbbell)","0.62","","pending","true","Candidate requires human review; generated fallback remains active."
"machine-hip-abduction","Machine Hip Abduction","AUTO_MATCH","100-gym-workouts:0069","hip abduction machine","1","default","ready","false","Exact normalized name with compatible equipment and muscle metadata."
"machine-hip-adduction","Machine Hip Adduction","UNMATCHED","","","0.52","","pending","true","No credible provider candidate; generated fallback remains active."
"machine-lat-pulldown","Machine Lat Pulldown","UNMATCHED","","","0.5","","pending","true","No credible provider candidate; generated fallback remains active."
"machine-lateral-raise","Machine Lateral Raise","AUTO_MATCH","100-gym-workouts:0097","lateral raise machine","1","default","ready","false","Exact normalized name with compatible equipment and muscle metadata."
"machine-leg-press-calf-raise","Leg Press Calf Raise","AMBIGUOUS","200-workouts:0270","leg press machine","0.64","","pending","true","Candidate requires human review; generated fallback remains active."
"machine-low-row","Machine Low Row","UNMATCHED","","","0.52","","pending","true","No credible provider candidate; generated fallback remains active."
"machine-pullover","Machine Pullover","UNMATCHED","","","0.28","","pending","true","No credible provider candidate; generated fallback remains active."
"machine-reverse-lunge","Machine Reverse Lunge","UNMATCHED","","","0.38","","pending","true","No credible provider candidate; generated fallback remains active."
"machine-romanian-deadlift","Machine Romanian Deadlift","UNMATCHED","","","0.5","","pending","true","No credible provider candidate; generated fallback remains active."
"machine-rotary-torso","Machine Rotary Torso","UNMATCHED","","","0.28","","pending","true","No credible provider candidate; generated fallback remains active."
"machine-seated-row","Machine Seated Row","AUTO_MATCH","200-workouts:0157","machine seated row","1","default","ready","false","Exact normalized name with compatible equipment and muscle metadata."
"machine-shoulder-press","Machine Shoulder Press","AMBIGUOUS","200-workouts:0166","seated shoulder press machine","0.76","","pending","true","Candidate requires human review; generated fallback remains active."
"machine-shrug","Machine Shrug","UNMATCHED","","","0.5","","pending","true","No credible provider candidate; generated fallback remains active."
"machine-sissy-squat","Sissy Squat Machine","AMBIGUOUS","200-workouts:0280","squat machine","0.64","","pending","true","Candidate requires human review; generated fallback remains active."
"machine-triceps-extension","Machine Triceps Extension","UNMATCHED","","","0.5","","pending","true","No credible provider candidate; generated fallback remains active."
"neutral-grip-dumbbell-bench-press","Neutral-Grip Dumbbell Bench Press","AMBIGUOUS","100-gym-workouts:0046","dumbbell bench press (bench)","0.712","","pending","true","Candidate requires human review; generated fallback remains active."
"neutral-grip-lat-pulldown","Neutral-Grip Lat Pulldown","AMBIGUOUS","100-gym-workouts:0037","lat pull down wide grip","0.712","","pending","true","Candidate requires human review; generated fallback remains active."
"neutral-grip-shoulder-press-machine","Neutral-Grip Shoulder Press Machine","UNMATCHED","","","0.568","","pending","true","No credible provider candidate; generated fallback remains active."
"one-arm-cable-row","One-Arm Cable Row","AMBIGUOUS","100-gym-workouts:0023","single arm straight arm cable pulldown","0.64","","pending","true","Candidate requires human review; generated fallback remains active."
"one-arm-dumbbell-row","One-Arm Dumbbell Row","AUTO_MATCH","200-workouts:0203","single arm dumbbell row","1","default","ready","false","Exact normalized name with compatible equipment and muscle metadata."
"overhead-cable-triceps-extension","Overhead Cable Triceps Extension","AUTO_MATCH","200-workouts:0140","cable overhead triceps extension","1","default","ready","false","Exact normalized name with compatible equipment and muscle metadata."
"pallof-press","Cable Pallof Press","UNMATCHED","","","0.46","","pending","true","No credible provider candidate; generated fallback remains active."
"pause-barbell-back-squat","Paused Barbell Back Squat","AMBIGUOUS","100-gym-workouts:0054","barbell back squat","0.82","","pending","true","Candidate requires human review; generated fallback remains active."
"pause-barbell-bench-press","Paused Barbell Bench Press","AMBIGUOUS","100-gym-workouts:0042","barbell bench press flat","0.712","","pending","true","Candidate requires human review; generated fallback remains active."
"pause-barbell-rdl","Paused Barbell Romanian Deadlift","AMBIGUOUS","100-gym-workouts:0060","barbell romanian deadlift","0.76","","pending","true","Candidate requires human review; generated fallback remains active."
"paused-barbell-deadlift","Paused Barbell Deadlift","AMBIGUOUS","100-gym-workouts:0032","deadlift barbell","0.76","","pending","true","Candidate requires human review; generated fallback remains active."
"pec-deck-fly","Pec Deck Fly","AUTO_MATCH","100-gym-workouts:0051","pec deck machine fly","1","default","ready","false","Exact normalized name with compatible equipment and muscle metadata."
"pendlay-row","Pendlay Row","AUTO_MATCH","200-workouts:0195","pendlay row","1","default","ready","false","Exact normalized name with compatible equipment and muscle metadata."
"pendulum-squat","Pendulum Squat","AMBIGUOUS","200-workouts:0280","squat machine","0.64","","pending","true","Candidate requires human review; generated fallback remains active."
"pike-push-up","Pike Push-Up","AMBIGUOUS","200-workouts:0291","elevated pike push-up","0.76","","pending","true","Candidate requires human review; generated fallback remains active."
"plate-loaded-chest-press","Plate-Loaded Chest Press","UNMATCHED","","","0.568","","pending","true","No credible provider candidate; generated fallback remains active."
"plate-loaded-high-row","Plate-Loaded High Row","UNMATCHED","","","0.424","","pending","true","No credible provider candidate; generated fallback remains active."
"plate-loaded-lat-pulldown","Plate-Loaded Lat Pulldown","UNMATCHED","","","0.38","","pending","true","No credible provider candidate; generated fallback remains active."
"plate-loaded-shoulder-press","Plate-Loaded Shoulder Press","UNMATCHED","","","0.568","","pending","true","No credible provider candidate; generated fallback remains active."
"preacher-curl-machine","Machine Preacher Curl","AUTO_MATCH","200-workouts:0159","preacher curl machine","1","default","ready","false","Exact normalized name with compatible equipment and muscle metadata."
"prone-w-raise","Prone W Raise","UNMATCHED","","","0.428","","pending","true","No credible provider candidate; generated fallback remains active."
"prone-y-raise-bodyweight","Prone Y Raise","UNMATCHED","","","0.5","","pending","true","No credible provider candidate; generated fallback remains active."
"pull-up","Pull-Up","AUTO_MATCH","100-gym-workouts:0038","pull up","1","default","ready","false","Exact normalized name with compatible equipment and muscle metadata."
"push-up","Push-Up","AMBIGUOUS","100-gym-workouts:0026","weighted push up","0.64","","pending","true","Candidate requires human review; generated fallback remains active."
"reverse-grip-barbell-bench-press","Reverse-Grip Barbell Bench Press","AMBIGUOUS","100-gym-workouts:0013","close-grip bench press barbell","0.76","","pending","true","Candidate requires human review; generated fallback remains active."
"reverse-grip-cable-curl","Reverse-Grip Cable Curl","UNMATCHED","","","0.52","","pending","true","No credible provider candidate; generated fallback remains active."
"reverse-hyperextension-machine","Reverse Hyperextension Machine","UNMATCHED","","","0.46","","pending","true","No credible provider candidate; generated fallback remains active."
"reverse-lunge-dumbbell","Dumbbell Reverse Lunge","UNMATCHED","","","0.46","","pending","true","No credible provider candidate; generated fallback remains active."
"reverse-pec-deck","Reverse Pec Deck","AMBIGUOUS","100-gym-workouts:0099","rear delt fly (reverse pec deck)","0.64","","pending","true","Candidate requires human review; generated fallback remains active."
"reverse-snow-angel","Reverse Snow Angel","UNMATCHED","","","0.284","","pending","true","No credible provider candidate; generated fallback remains active."
"rope-hammer-curl","Rope Hammer Curl","UNMATCHED","","","0.5","","pending","true","No credible provider candidate; generated fallback remains active."
"safety-bar-squat","Safety-Bar Squat","UNMATCHED","","","0.46","","pending","true","No credible provider candidate; generated fallback remains active."
"scapular-pull-up","Scapular Pull-Up","AMBIGUOUS","100-gym-workouts:0038","pull up","0.64","","pending","true","Candidate requires human review; generated fallback remains active."
"seal-row-barbell","Barbell Seal Row","AMBIGUOUS","100-gym-workouts:0028","barbell bent over row","0.64","","pending","true","Candidate requires human review; generated fallback remains active."
"seated-band-lat-pulldown","Seated Band Lat Pulldown","AMBIGUOUS","200-workouts:0201","resistance band lat pulldown","0.712","","pending","true","Candidate requires human review; generated fallback remains active."
"seated-barbell-overhead-press","Seated Barbell Overhead Press","AMBIGUOUS","100-gym-workouts:0088","barbell overhead press standing","0.712","","pending","true","Candidate requires human review; generated fallback remains active."
"seated-calf-raise-machine","Seated Calf Raise Machine","UNMATCHED","","","0.5","","pending","true","No credible provider candidate; generated fallback remains active."
"seated-dumbbell-calf-raise","Seated Dumbbell Calf Raise","AMBIGUOUS","200-workouts:0254","dumbbell calf raise","0.82","","pending","true","Candidate requires human review; generated fallback remains active."
"seated-dumbbell-overhead-press","Seated Dumbbell Overhead Press","AMBIGUOUS","100-gym-workouts:0080","seated overhead press","0.68","","pending","true","Candidate requires human review; generated fallback remains active."
"seated-leg-curl","Seated Leg Curl","AMBIGUOUS","100-gym-workouts:0079","seated leg curl machine","0.86","","pending","true","Candidate requires human review; generated fallback remains active."
"side-plank-knees","Kneeling Side Plank","UNMATCHED","","","0.52","","pending","true","No credible provider candidate; generated fallback remains active."
"side-plank-straight-leg","Straight-Leg Side Plank","UNMATCHED","","","0.4857","","pending","true","No credible provider candidate; generated fallback remains active."
"single-arm-cable-chest-press","Single-Arm Cable Chest Press","UNMATCHED","","","0.5","","pending","true","No credible provider candidate; generated fallback remains active."
"single-arm-cable-overhead-press","Single-Arm Cable Overhead Press","AMBIGUOUS","100-gym-workouts:0023","single arm straight arm cable pulldown","0.5886","","pending","true","Candidate requires human review; generated fallback remains active."
"single-arm-cable-triceps-extension","Single-Arm Cable Triceps Extension","AMBIGUOUS","200-workouts:0140","cable overhead triceps extension","0.64","","pending","true","Candidate requires human review; generated fallback remains active."
"single-arm-chest-press-machine","Single-Arm Machine Chest Press","UNMATCHED","","","0.572","","pending","true","No credible provider candidate; generated fallback remains active."
"single-arm-dumbbell-floor-press","Single-Arm Dumbbell Floor Press","UNMATCHED","","","0.52","","pending","true","No credible provider candidate; generated fallback remains active."
"single-arm-dumbbell-overhead-carry","Single-Arm Dumbbell Overhead Carry","UNMATCHED","","","0.5","","pending","true","No credible provider candidate; generated fallback remains active."
"single-arm-dumbbell-overhead-press","Single-Arm Dumbbell Overhead Press","AMBIGUOUS","100-gym-workouts:0017","dumbbell overhead press version 1","0.5886","","pending","true","Candidate requires human review; generated fallback remains active."
"single-arm-dumbbell-z-press","Single-Arm Dumbbell Z Press","UNMATCHED","","","0.52","","pending","true","No credible provider candidate; generated fallback remains active."
"single-arm-front-rack-carry","Single-Arm Front-Rack Carry","UNMATCHED","","","0.38","","pending","true","No credible provider candidate; generated fallback remains active."
"single-arm-lat-pulldown","Single-Arm Lat Pulldown","AMBIGUOUS","100-gym-workouts:0023","single arm straight arm cable pulldown","0.64","","pending","true","Candidate requires human review; generated fallback remains active."
"single-dumbbell-overhead-triceps-extension","Single-Dumbbell Overhead Triceps Extension","AMBIGUOUS","100-gym-workouts:0021","overhead triceps extension (dumbbell)","0.856","","pending","true","Candidate requires human review; generated fallback remains active."
"single-leg-calf-raise-bodyweight","Single-Leg Bodyweight Calf Raise","UNMATCHED","","","0.568","","pending","true","No credible provider candidate; generated fallback remains active."
"single-leg-dumbbell-calf-raise","Single-Leg Dumbbell Calf Raise","AMBIGUOUS","200-workouts:0254","dumbbell calf raise","0.712","","pending","true","Candidate requires human review; generated fallback remains active."
"single-leg-extension-machine","Single-Leg Extension","AMBIGUOUS","100-gym-workouts:0073","leg extension machine","0.76","","pending","true","Candidate requires human review; generated fallback remains active."
"single-leg-glute-bridge","Single-Leg Glute Bridge","AUTO_MATCH","200-workouts:0124","single leg glute bridge","1","default","ready","false","Exact normalized name with compatible equipment and muscle metadata."
"single-leg-press-machine","Single-Leg Press","AMBIGUOUS","100-gym-workouts:0074","leg press machine","0.76","","pending","true","Candidate requires human review; generated fallback remains active."
"single-leg-seated-curl-machine","Single-Leg Seated Curl","AMBIGUOUS","100-gym-workouts:0079","seated leg curl machine","0.68","","pending","true","Candidate requires human review; generated fallback remains active."
"smith-machine-bench-press","Smith Machine Bench Press","UNMATCHED","","","0.5","","pending","true","No credible provider candidate; generated fallback remains active."
"smith-machine-split-squat","Smith Machine Split Squat","AMBIGUOUS","200-workouts:0279","smith machine squat","0.76","","pending","true","Candidate requires human review; generated fallback remains active."
"smith-machine-squat","Smith Machine Squat","AUTO_MATCH","200-workouts:0279","smith machine squat","1","default","ready","false","Exact normalized name with compatible equipment and muscle metadata."
"snatch-grip-barbell-rdl","Snatch-Grip Barbell Romanian Deadlift","AMBIGUOUS","100-gym-workouts:0060","barbell romanian deadlift","0.64","","pending","true","Candidate requires human review; generated fallback remains active."
"split-squat","Dumbbell Split Squat","AMBIGUOUS","100-gym-workouts:0063","dumbbell bulgarian split squat","0.82","","pending","true","Candidate requires human review; generated fallback remains active."
"spoto-press","Spoto Press","UNMATCHED","","","0.424","","pending","true","No credible provider candidate; generated fallback remains active."
"standing-cable-hip-abduction","Standing Cable Hip Abduction","AMBIGUOUS","200-workouts:0251","cable hip abduction","0.82","","pending","true","Candidate requires human review; generated fallback remains active."
"standing-cable-hip-adduction","Standing Cable Hip Adduction","UNMATCHED","","","0.568","","pending","true","No credible provider candidate; generated fallback remains active."
"standing-calf-raise","Standing Calf Raise","AUTO_MATCH","200-workouts:0281","standing calf raise","1","default","ready","false","Exact normalized name with compatible equipment and muscle metadata."
"standing-calf-raise-machine","Standing Calf Raise Machine","AMBIGUOUS","200-workouts:0281","standing calf raise","0.86","","pending","true","Candidate requires human review; generated fallback remains active."
"step-up-dumbbell","Dumbbell Step-Up","UNMATCHED","","","0.5","","pending","true","No credible provider candidate; generated fallback remains active."
"straight-arm-pulldown","Straight-Arm Cable Pulldown","AMBIGUOUS","100-gym-workouts:0023","single arm straight arm cable pulldown","0.856","","pending","true","Candidate requires human review; generated fallback remains active."
"suitcase-carry-dumbbell","Dumbbell Suitcase Carry","UNMATCHED","","","0.46","","pending","true","No credible provider candidate; generated fallback remains active."
"sumo-barbell-deadlift","Sumo Barbell Deadlift","AUTO_MATCH","100-gym-workouts:0033","deadlift sumo barbell","1","default","ready","false","Exact normalized name with compatible equipment and muscle metadata."
"t-bar-row","T-Bar Row","AMBIGUOUS","100-gym-workouts:0041","t-bar row","0.86","","pending","true","Candidate requires human review; generated fallback remains active."
"tall-kneeling-band-overhead-press","Tall-Kneeling Band Overhead Press","UNMATCHED","","","0.52","","pending","true","No credible provider candidate; generated fallback remains active."
"tempo-barbell-back-squat","Tempo Barbell Back Squat","AMBIGUOUS","100-gym-workouts:0054","barbell back squat","0.82","","pending","true","Candidate requires human review; generated fallback remains active."
"towel-grip-dumbbell-carry","Towel-Grip Dumbbell Carry","UNMATCHED","","","0.424","","pending","true","No credible provider candidate; generated fallback remains active."
"trap-bar-deadlift","Trap Bar Deadlift","UNMATCHED","","","0.46","","pending","true","No credible provider candidate; generated fallback remains active."
"underhand-barbell-row","Underhand Barbell Row","AMBIGUOUS","100-gym-workouts:0028","barbell bent over row","0.64","","pending","true","Candidate requires human review; generated fallback remains active."
"underhand-lat-pulldown","Underhand Lat Pulldown","UNMATCHED","","","0.568","","pending","true","No credible provider candidate; generated fallback remains active."
"v-squat-machine","V-Squat Machine","AMBIGUOUS","200-workouts:0280","squat machine","0.64","","pending","true","Candidate requires human review; generated fallback remains active."
"walking-lunge-dumbbell","Dumbbell Walking Lunge","AMBIGUOUS","200-workouts:0283","walking lunge","0.62","","pending","true","Candidate requires human review; generated fallback remains active."
"wall-sit","Wall Sit","UNMATCHED","","","0.32","","pending","true","No credible provider candidate; generated fallback remains active."
"wall-slide-bodyweight","Wall Slide","UNMATCHED","","","0.28","","pending","true","No credible provider candidate; generated fallback remains active."
"wide-grip-cable-row","Wide-Grip Seated Cable Row","AUTO_MATCH","200-workouts:0181","wide grip seated cable row","1","default","ready","false","Exact normalized name with compatible equipment and muscle metadata."
"wide-grip-lat-pulldown","Wide-Grip Lat Pulldown","AUTO_MATCH","100-gym-workouts:0037","lat pull down wide grip","1","default","ready","false","Exact normalized name with compatible equipment and muscle metadata."
"wide-push-up","Wide Push-Up","AMBIGUOUS","100-workouts:1208","wide grip push up","0.76","","pending","true","Candidate requires human review; generated fallback remains active."
"zercher-squat","Zercher Squat","UNMATCHED","","","0.52","","pending","true","No credible provider candidate; generated fallback remains active."
